[{"boleta":"2026630001","nombre":"Juan","primerApe":"Perez","segundoApe":"Perez","correo":"juan@juan.com","auditoria":"2025-11-27 17:37:43"},{"boleta":"2026630002","nombre":"Diana","primerApe":"Cazadora","segundoApe":"Cazadora","correo":"diana@diana.com","auditoria":"2025-12-03 16:43:25"},{"boleta":"2026630003","nombre":"Blanca","primerApe":"Nieves","segundoApe":"Nieves","correo":"blanca@blanca.com","auditoria":"2025-12-03 17:19:50"},{"boleta":"2026630004","nombre":"Luis","primerApe":"L\u00f3pez","segundoApe":"L\u00f3pez","correo":"luis@luis.com","auditoria":"2025-12-04 17:00:27"}]