{
  "project_info": {
    "project_number": "783254175252",
    "project_id": "firestore-flutter-escom-9d573",
    "storage_bucket": "firestore-flutter-escom-9d573.firebasestorage.app"
  },
  "client": [
    {
      "client_info": {
        "mobilesdk_app_id": "1:783254175252:android:c79fa113eab9579caaf101",
        "android_client_info": {
          "package_name": "com.example.firestore_flutter_escom"
        }
      },
      "oauth_client": [],
      "api_key": [
        {
          "current_key": "AIzaSyD_Xp3Ll0RhBtVZ3JTnQ6MadFmilFaDhJg"
        }
      ],
      "services": {
        "appinvite_service": {
          "other_platform_oauth_client": []
        }
      }
    }
  ],
  "configuration_version": "1"
}